"plant","Genotype","WaterCondition","Temperature"
1,"WT","Normal",30.3
1,"WT","Normal",31
1,"WT","Normal",31.4
1,"WT","Normal",31.7
2,"WT","Normal",32.4
2,"WT","Normal",32.1
2,"WT","Normal",32.7
2,"WT","Normal",33.5
3,"mutant","Normal",30
3,"mutant","Normal",31
3,"mutant","Normal",31.5
3,"mutant","Normal",31.8
4,"mutant","Normal",32.8
4,"mutant","Normal",33
4,"mutant","Normal",33.5
4,"mutant","Normal",33.7
5,"WT","Drought",35.8
5,"WT","Drought",34.8
5,"WT","Drought",36.2
5,"WT","Drought",37
6,"WT","Drought",39.9
6,"WT","Drought",40.8
6,"WT","Drought",41.3
6,"WT","Drought",41.6
7,"mutant","Drought",29.4
7,"mutant","Drought",29.8
7,"mutant","Drought",30.7
7,"mutant","Drought",30.9
8,"mutant","Drought",33.9
8,"mutant","Drought",34.1
8,"mutant","Drought",34.6
8,"mutant","Drought",35.7
